10100,13.774998842115991,13.521416206805835,301.6283561629368,119.7966414510436
10200,11.033375685156804,9.893556921853687,432.1664698034504,105.42665154750198
10300,8.871090778162786,9.820954985230916,357.9788330702693,105.08784486558635
10400,8.753315111016708,10.186693228452317,622.6271270542758,106.76978502406955
10500,16.887917085435237,9.883788906312715,36.74577921118708,105.3812128162056
10600,8.031536198600591,9.653707769640343,245.8383464159096,104.29773505387702
10700,7.031641474699433,9.51619375278709,456.3983207760249,103.63776783670669
10800,10.413911966204017,9.968041929951477,346.7851049918804,105.7716717506346
10900,5.997990899326266,10.145864846802866,300.9593265908795,106.58504603813196
11000,Infinity,8.797919112839047,3.395556651300972,100.02770053730865
11100,5.697326701921269,8.417115981877384,153.11974173432884,97.99229348223554
11200,5.910303362461691,8.428283546977113,321.58218604442135,98.05328438589031
11300,6.250173052429029,8.865946096059853,300.5479008875967,100.38201219695307
11400,6.477583307988723,8.808408563066997,87.81233224170587,100.08251205467411
11500,4.181785979355583,9.061205205950941,85.84430538433155,101.38409826277363
11600,4.71682019815144,9.459168927788633,224.91455843174873,103.36128828889751
11700,7.095118034170463,9.894238399949531,90.1327195491358,105.4298199643884
11800,8.246277328468643,8.941262659769947,149.79309245742186,100.77113355086415
11900,5.709537110386362,9.257405235583132,256.09427922324204,102.36949467355889
12000,6.665220978764437,9.334296579592499,349.030171905947,102.74998937235581
12100,7.389025874815205,9.352464030680748,129.99973412415662,102.83943269865378
12200,5.067857387465956,9.710135027535705,120.0959410470555,104.56582865880722
12300,5.960720411537215,9.671570770558052,455.2237937888403,104.38277375326997
12400,5.274172219440277,8.528852203476355,186.23603508423045,98.59892045417116
12500,5.670493153786527,10.057589082683696,154.43957200411975,106.18306417849759
12600,Infinity,9.806385321859553,3.012088820893931,105.01955189998857
12700,Infinity,9.85956493727704,3.477080450163824,105.26833400710136
12800,3.7534905389566706,8.458697209259638,85.97460413330155,98.21897770879336
12900,5.972662348538571,8.939474927090885,282.3764596390158,100.76193530575699
13000,5.387567392714531,9.124430820596842,372.18476614127815,101.70395399811254
13100,4.674302953890932,9.04210413889091,246.73280813632536,101.28702767815491
13200,3.395219703760754,8.912773811570075,178.46579703427463,100.6243333433577
13300,4.5313855410012644,9.731612084618627,188.87846895878877,104.66745995994391
13400,6.742529414886542,9.7356339912555,104.96393262467987,104.68646703543953
13500,4.927009789885691,10.273403111972504,124.38911710266626,107.15968333690446
13600,7.200035244324123,9.463549740532162,227.0198809213304,103.38258727804751
13700,4.6340219110847904,10.177180823678672,127.27428780937144,106.72680983670648
13800,4.713725872660005,10.599936542474687,299.24237965748983,108.59900866889106
13900,4.777929314904589,10.050613622534504,290.90534941650003,106.1511497220504
14000,4.312554250961904,10.51579840630409,362.4595298284638,108.23242187881553
14100,4.623616249633007,10.737468591261688,249.58187331955918,109.19201065943663
14200,4.150224165903785,9.91012420484389,179.3184559316933,105.50361655117581
14300,7.991360569772012,10.805703646847476,189.13085367158658,109.48340906805598
14400,6.942538055355236,10.605835077125374,182.1407376388384,108.62459911717062
14500,4.410323054441777,10.168847798447754,126.13557504885198,106.68912983642981
14600,4.9150589008615615,11.15940366376947,409.22206051845956,110.96499593745024
14700,5.272711379321949,10.604110400858913,237.74389545720805,108.61711818248222
14800,4.571046709538259,9.852849522933761,299.3892169394777,105.23699243071916
14900,4.3194484989424256,10.413638712892313,112.6608353504981,107.78335263798417
15000,4.472422422481461,10.467881746213367,197.72678518583436,108.02233764389125
15100,3.903028917830181,10.558158177619376,264.18006207619084,108.41734701112274
15200,6.346998523717867,10.72337810299016,199.5820589947367,109.13160646729443
15300,5.356633166112249,10.46102543020446,140.9801935137978,107.9921984163593
15400,3.8286164358851362,10.784591431166547,257.7606708545358,109.39344621878907
15500,Infinity,11.823463328883768,3.6527727972726334,113.62395484484148
15600,5.3891266112457075,10.767309029393411,129.69751664571922,109.31967168986317
15700,5.717182745186586,10.502736985540437,242.34318582232277,108.17525087034447
15800,6.397817389171999,10.13328483834452,313.65671597473613,106.52797456597476
15900,6.061432728462934,11.424337544402976,245.06468265277388,112.04431379727929
16000,3.690621671595594,11.349900391374847,122.74472234363631,111.74361251873468
16100,9.404723338006834,11.848051001351761,381.0060477928769,113.71951555333754
16200,4.3208041219069235,10.420153229770609,436.10557423083566,107.81212011219073
16300,4.58276885771163,10.581965911324826,91.33820217254397,108.52095626231134
16400,5.65799995178151,13.887667725035113,254.76135826050768,121.02605668594197
16500,7.558090613331804,12.364697303496897,256.87256142753375,115.68288934614418
16600,5.857527806243071,11.52273619857931,263.3914181374597,112.43881863792788
16700,4.328157309206177,10.812494070337117,118.67649290716257,109.5123068970871
16800,4.2634555732631,11.293114533809174,158.0587198796025,111.51288750857238
16900,4.8496529582462395,11.171253102907237,172.10087906533946,111.01381440769869
17000,9.06314750119145,10.013723954275575,233.6469453997958,105.98200118719579
17100,4.383422830637452,10.165446217149555,118.22639099065175,106.67373980213048
17200,6.970683263322306,10.14560869312845,343.68324509759435,106.58388465682565
17300,7.499783744305595,9.658810122462032,404.98971139282753,104.32204138581889
17400,3.937160233408649,9.690255933164392,215.16217454859395,104.47155853167686
17500,5.286565014630626,10.761663999605336,61.61124187602248,109.29554872070413
17600,3.65961917364189,8.674036524475634,136.222704563619,99.37537578537932
17700,3.993767655649975,9.440404658457851,186.93923309378474,103.26994689763372
17800,3.528317889228733,9.719428170884699,216.86125306362987,104.60983218295098
17900,5.920836909583809,9.563591551765526,142.27822470130144,103.86631372474889
18000,3.5089613678553526,9.982020151564278,190.80865323841914,105.83613253243898
18100,3.3889390319987527,8.863601694162604,200.16477200921008,100.36984691341874
18200,3.9504545688340995,9.689383304931559,90.67282309861025,104.46741594695239
18300,3.8820560566118196,10.093695383137671,151.91287157531056,106.3479064346905
18400,3.68526198585319,9.903937987252569,307.8246219247787,105.47489290877596
18500,4.344077814488264,9.170742555334124,409.79896526319874,101.93683994069676
18600,7.252058388315043,10.0695452656033,352.6687912675696,106.23771522513712
18700,7.015875161432507,9.911817610828239,218.19565168812983,105.51147619239501
18800,3.913954729143688,9.071895559801481,210.14043858738668,101.43833678937209
18900,4.512267361586771,9.746791334583353,126.57118052132714,104.73915430004924
19000,Infinity,9.289591406981685,3.6988460434037345,102.52915021231141
19100,3.9339824559550918,9.547624692647506,187.6423596696469,103.7894504125529
19200,5.743012555295622,9.222774125565772,370.57258851102944,102.19709018608805
19300,3.936442726443827,9.378235072703834,132.91691305511137,102.96601299067169
19400,5.260100362351544,10.075664811046318,298.8270192352612,106.26566222573588
19500,Infinity,9.914429984990946,3.140873092796145,105.52359842698311
19600,Infinity,10.3082304990498,3.3581178785192596,107.31536207115356
19700,5.725732318522505,9.961132819684165,321.07456411723575,105.7397768940716
19800,3.8923173999521468,9.837562839984756,152.208527843414,105.16556807007407
19900,4.065510358518011,9.44634557269737,290.3256319059954,103.29888592215478
20000,3.142995855142122,9.17295875278349,152.3084663944597,101.94795493667864
20100,4.658977130197191,10.423852275475088,172.34514349765766,107.82844673464815
20200,4.836323648472007,9.355635863299794,264.7940156974503,102.85503068056545
20300,4.119648682212494,8.963016562998984,178.3867539406659,100.88291465397408
20400,8.426356696127336,9.071735047261093,326.0987678046794,101.43752288646388
20500,3.4303291321008054,11.430385174204687,210.78421250080206,112.06865808539837
20600,3.4114802855564426,9.141702210126152,139.89467802180656,101.79094385565726
20700,6.072039499022097,8.802966906683526,277.7689599579067,100.05408540486071
20800,7.074356680761864,8.985232825232366,254.34194641450787,100.9967918976598
20900,5.191693068945434,8.726414603568283,312.9413736856905,99.6523110093882
21000,5.298641333881905,9.675473793094506,150.0705392036855,104.40133359464748
21100,3.4904597015856993,9.261940141355321,158.7542477934001,102.39202307998409
21200,2.7088180268480526,9.526608355374627,165.4210562909484,103.68808309641163
21300,8.56744597429561,10.05165015674722,137.4700588068928,106.15589352347997
21400,3.843936599151054,9.619222784500597,169.6586216868857,104.13311960996468
21500,3.879050678435836,9.703309029848654,325.3417087661382,104.53348036392292
21600,3.69865962778151,9.370181546719357,65.39852456277094,102.92649368345846
21700,3.0963230679057565,10.137567399291253,40.68775081375727,106.54741112484963
21800,4.250675035489484,9.229818496214277,85.3775903300216,102.23221165353866
21900,4.499321924546391,9.742031823793273,335.3756545433797,104.7166862937548
22000,5.70673276192498,9.006631294817446,358.7792128028361,101.10621136175409
22100,6.156749197597654,9.679015536538705,321.7061571736258,104.41816898590753
22200,6.080926431929231,8.950656458484342,203.9827475588541,100.81943633802872
22300,5.429767831420994,9.065134805919284,279.1629021039159,101.40404289597113
22400,4.003884135565039,9.323960366218497,251.09495121915174,102.6990236401093
22500,5.8478045752357755,9.13135790167405,376.172122863135,101.73886300694161
22600,132.23888456753517,9.466413693068505,9.769220037134897,103.3965061446253
22700,5.802766441644507,9.298052281940066,165.2834689942321,102.57102752408687
22800,Infinity,8.732437930108691,3.445683954756483,99.68405112877097
22900,4.045922732302163,12.105122403975594,116.00990022439333,114.70692030080839
23000,4.8902119838999845,9.37884233534708,499.97923070696066,102.96899150176819
23100,4.853902027253406,9.939163222489569,162.71764108763634,105.63821037673172
23200,4.007421476601066,9.887714718059462,202.66960963502885,105.39948025262868
23300,4.074071061414614,10.464085575592703,331.49569143477794,108.00565274774364
23400,4.584856919714454,9.368908416638796,318.2566099019427,102.92024322157265
23500,4.498818718675182,9.32329451878547,139.85478154794254,102.69573854725026
23600,4.5268254770448175,9.815869507182096,308.0442668928003,105.06401901782098
23700,4.23320226987024,10.37925496701797,118.32261704440782,107.63121856985083
23800,3.0677514964085,10.14519527277582,99.76409446786263,106.58201017848995
23900,6.135493189843101,11.091094172327054,96.1467946171372,110.68255313536609
24000,6.746649750692445,10.389337281615646,353.1735189613225,107.67588086591547
24100,4.598511249431206,10.027130381226815,120.53287616502503,106.04354504370242
24200,5.565675946046134,8.535638031023945,375.9394386121177,98.63550497317561
24300,8.52038599055764,7.971490796223082,117.83539041290992,95.49009020884739
24400,7.569106031294674,8.261827266177162,74.8907737736536,97.13570595972546
24500,4.465990269882578,10.10984462114842,176.58593501529793,106.42144454796652
24600,3.1667833126125773,8.288115935170863,257.0557448952701,97.28184299186698
24700,3.0995836802745584,9.149620767788088,199.1031338184886,101.8307718851163
24800,6.7433432132282185,8.48858622423186,97.3363472099281,98.3812333434068
24900,4.366227015088797,9.224271364711408,222.55878718829504,102.20455728979161
25000,6.319211503526075,9.044969892313688,283.91354349435346,101.3016043485797
25100,4.598301012425722,8.902879736574379,218.17322529080573,100.57324035422175
25200,4.95558169324826,8.355794614533327,108.83498981467653,97.65594214364155
25300,3.852179377929828,8.143087517342584,126.77207167109847,96.46979285919556
25400,2.5730934165257784,8.324643418045566,203.19840040696758,97.48412930497032
25500,5.451514275920554,9.765682071488703,264.5593733445138,104.82822288208443
25600,4.115953077356212,9.883228539009743,292.87817649445185,105.37860474485498
25700,9.064955154150292,9.07098254981671,110.22079485258757,101.43370704329972
25800,5.651665538739279,9.232096704871125,148.94772471082527,102.24356449506189
25900,4.989292567867581,9.771831648322758,54.648000411387756,104.85718056296083
26000,3.60519166344855,9.187979027802482,157.7321170454419,102.0232161039739
26100,Infinity,8.127172266348703,3.2083528503897485,96.37980022368114
26200,3.877729706689974,7.8549876401430225,150.4327339316101,94.81284011740715
26300,4.005252159603505,8.582002145742177,162.34996514931404,98.88469288348595
26400,5.316825237570204,9.112330262857057,230.58093842054862,101.64290963445931
26500,3.944990618272231,9.185738964731,229.19857821934843,102.01199976748283
26600,5.68343215147756,9.190106522508028,284.95906957179034,102.03386626191605
26700,4.401956231824567,8.04327499299329,229.71760124056252,95.90247153367011
26800,3.2341806953215095,8.153374037379361,215.9747165133425,96.52786435931176
26900,3.379289314026754,8.523691238254495,194.82646804231783,98.57107658345875
27000,7.966053452987428,9.020585629450148,425.41378495008615,101.17742585082428
27100,3.3620150358259098,9.15359448511512,100.6408621027905,101.8507455342691
27200,3.0929109928611114,8.793411940401851,307.11865884131055,100.00412870684048
27300,5.45625593457198,9.56095277444376,72.96080161561653,103.85361969601796
27400,3.78564176753641,9.280356007650036,131.79032737282077,102.48339581195734
27500,4.675770137422346,8.646257687365047,633.9238865092757,99.22782314139984
27600,4.069250688273081,8.08833337365189,129.118216631513,96.15944416199707
27700,5.268367067012595,9.304547161755046,114.65871174563362,102.60314824834725
27800,5.073673579987237,8.538945402927597,237.1135085737013,98.65332550859993
27900,4.3926246270836105,8.031958481959677,396.62041278486424,95.83770611743526
28000,3.7413770289206334,9.403953760625743,186.04297638293033,103.0919898290823
28100,3.465189597158604,9.679415804476177,169.01635945578477,104.4200712397423
28200,3.8741553708617307,10.248695910009177,104.28323060823209,107.04892158312745
28300,4.958413642010434,9.732459663828854,257.7748233538053,104.67146617654636
28400,3.9886195553066472,10.014575601257283,168.780313780802,105.98591322786336
28500,3.3574709261945346,9.251671312255278,314.90887740428815,102.34099401002366
28600,4.578182115753883,10.57669692182213,127.78936811555405,108.49804616406504
28700,4.828353479149954,9.498829770068138,146.42901289135273,103.55375601035986
28800,3.274457237291267,9.501525207332627,102.00908286018885,103.56680735757368
28900,3.0780285694823446,10.501212115627927,152.90334714011559,108.16857174388485
29000,44257.755600083954,9.662426727920538,10.697785902876978,104.33926221431166
29100,4.07034794319243,9.577158975751727,108.08709338568177,103.9315255467191
29200,5.00329293699936,9.94207961377685,149.73895432462288,105.65170591131994
29300,3.051006199486791,9.260526461799097,228.67164472539932,102.38500141692961
29400,4.065512987358654,9.004390170283939,169.70733167397796,101.09476373461388
29500,4.000856273935685,10.234322713502902,306.4183578794674,106.98436399423294
29600,3.4674879472755795,9.141582140853268,116.88245734515996,101.79033967684055
29700,4.447114440829028,9.654013400842922,50.73668514994758,104.29919136611561
29800,4.144672806352512,10.375446346831126,109.48043633635179,107.61433598234336
29900,5.393182232838192,10.079191291060514,313.43522279202745,106.28175939670919
30000,5.628528903242822,9.34157790024885,120.94936783710244,102.78585818990696
30100,3.1882729133290586,9.517474624972245,132.18064746219048,103.64395898382942
30200,3.4025103421153235,10.319430495009128,127.3494034906617,107.36531440117342
30300,Infinity,8.874223355784498,3.446362205540646,100.42493782694744
30400,4.792422703967203,9.988070622040798,329.07757412598323,105.86400638174602
30500,4.2865567475069,8.446534792336502,87.32902726241392,98.15278858167109
30600,3.6989685134667747,10.137110312640669,141.26983206908295,106.54533701188677
30700,6.305437805252347,9.60115802578734,224.65231338487214,104.04665106871172
30800,3.6132101032356596,9.23940373115149,116.89829082670397,102.27995820629219
30900,7.293237009852322,9.232139956459553,200.68169565572146,102.24378000064758
31000,3.716218453819339,10.615869023599105,207.40764383977887,108.66809812837117
31100,4.225511822405097,10.525749084032872,92.23298527166511,108.27592925011092
31200,2.987767799144895,11.644498621709351,171.8406688400523,112.92235696971008
31300,4.731354451872223,10.131047077256975,60.614249083981015,106.51781513798332
31400,3.8029322879123186,10.299632774385138,192.35122903781013,107.2769791148738
31500,4.317266543968032,9.576762005818,231.09434829083324,103.92961882308042
31600,3.6179705482933917,8.661266248893075,65.58157557721186,99.30760278011499
31700,3.73704841594708,10.146841772134133,206.97248868159465,106.58947507424989
31800,4.4165626409968795,10.324929249113042,200.52383091816242,107.38981917612368
31900,4.294386047296003,9.376066973456535,246.28515328232416,102.95537729059876
32000,Infinity,9.91331382301831,3.468738034214411,105.51841947659
32100,3.559075788134847,8.80397534169813,85.05656037269024,100.05935469126695
32200,3.599723196783913,10.96255940783288,98.62598535972081,110.14634573602909
32300,3.908804508532324,9.5175645345805,40.89694724855966,103.64439353423353
32400,3.6074421970373023,8.67871986345115,314.3347521923584,99.40020568482453
32500,3.3294730054494606,8.522233692508811,119.07858944982023,98.563209940289
32600,3.2931612455600683,8.345209937556797,157.32393182272318,97.5976348478628
32700,3.5373480968750863,9.284131962478698,165.50242908174255,102.50210830484092
32800,3.6309314925200873,9.141915251026955,183.1074699312329,101.79201584061408
32900,3.4260814769025467,8.423175033456491,312.7799641142507,98.025394618601
33000,8.059278865832415,9.187024735086407,127.29626898829918,102.01843814958053
33100,3.222208673653322,9.773329340106073,74.88429106644068,104.86423026924962
33200,3.9936484934611785,9.9300961066705,308.7892646114696,105.59622719560552
33300,9.663075360308179,9.764022389568293,29.488055451905645,104.82040449766647
33400,4.314521570308731,10.39187363430356,285.08735627693954,107.68710949207163
33500,5.35768373679374,9.581406222658089,313.8854359458633,103.95192095304203
33600,4.908026146677376,9.985028846532153,337.26483308899105,105.84999536911386
33700,5.818655740328608,9.662103292198811,66.92063197929296,104.3377224052518
33800,3.186812675856146,10.380073844601286,135.6054869670767,107.63484762445025
33900,3.5371476807489493,9.026270651807932,144.01855552059843,101.20640719062465
34000,4.19227697487337,8.770690021976616,160.52332991367606,99.88511222277897
34100,Infinity,8.243489775347152,3.589808130195707,97.03349345170493
34200,3.2083408256637056,9.304526540501904,327.5768534237231,102.60304630048465
34300,4.236253806058835,9.458428862878906,295.9542651896889,103.35768920763557
34400,2.7878323299499175,8.820163557676588,149.68859527324574,100.14385903484711
34500,3.9833814207753266,9.917427903089655,168.61998953932095,105.53750577085076
34600,4.043731161645163,9.537170046758407,156.48279590958919,103.7390528300198
34700,2.994437699918977,9.301165135517167,117.35294204069878,102.58642508223883
34800,4.3677748594362455,9.1028620484069,247.67462058273526,101.59508824487519
34900,3.8255990215189892,9.365727319034118,260.29272201829656,102.90462183524986
35000,4.725281803538312,8.38332254820739,169.26906481392402,97.80723878351107
35100,3.678094924406735,8.908404258675693,78.14369607307812,100.6017759752222
35200,7.960311725030023,8.991201397006936,255.15958374462852,101.02733792345386
35300,2.83740286663338,8.92457137124347,271.15117905151,100.68518184054682
35400,3.527771876003069,8.593558071141183,180.27530593316095,98.94659160956557
35500,Infinity,8.698814099673868,3.499954738690504,99.50658847540753
35600,4.079574449946177,8.881485551540974,137.7872827862662,100.46256640321768
35700,6.080999452379324,7.999186926958282,254.52883831778627,95.6496355096881
35800,3.721596494033631,8.670432391469664,300.94097775377816,99.35625843777248
35900,5.640849262235071,8.420210156161403,245.6649178270202,98.00920020691382
36000,3.8555483955104615,8.795030249695794,109.31057345595512,100.0125936097496
36100,22.355410192796526,8.521754964885073,21.74947850990551,98.56062586549982
36200,5.42672194911996,7.981533845993578,257.0829593738768,95.54800779636882
36300,4.115286659224532,7.416699051319428,318.3094110882869,92.17176797461349
36400,3.759455958028044,7.984070569276097,231.74799461084004,95.56262537913521
36500,Infinity,8.082714312836975,3.089815247243349,96.1274763126777
36600,4.025141737239642,8.563570205525362,370.4209931094327,98.78579043109477
36700,4.652437587112477,8.907049341693405,402.79651916692796,100.59477910804124
36800,4.049287343989893,9.016842146700428,48.94893154157818,101.15833219610845
36900,3.4534875573587787,8.724187457817921,166.077537288802,99.64056944256862
37000,4.935536600658409,8.265774189436248,175.61075407081267,97.15767629508922
37100,4.289471352447407,8.846409377492215,149.98484024033812,100.2805362052473
37200,3.0176347322565085,8.571444481252781,162.35757852287836,98.82806838831623
37300,6.548184075170112,8.88848749541817,279.9989778457557,100.49881737942
37400,3.0793047914945255,8.804797497694294,73.10575053992112,100.06365018376897
37500,3.2782180374969734,8.732973575325182,318.19639826185863,99.68687266892857
37600,4.123291229624268,10.305245870985603,164.3315956454478,107.30204137847188
37700,3.0013222077750235,9.309536382573315,96.716657619786,102.62780744390635
37800,4.127167823454694,8.600718026431743,231.06740059630764,98.9849017961107
37900,3.7438732870403313,9.821603832812391,191.4175034965339,105.0908838778693
38000,5.157299100632461,9.905458127688611,262.46608197537927,105.48195283728559
38100,5.4394549414034685,8.956894606804191,298.08747958054323,100.85148481113087
38200,4.879705296594361,9.124694115632602,621.3532525757515,101.70528135728047
38300,2.8325183276495935,9.739328143165396,56.22297395675674,104.70391826217057
38400,7.280331823061571,9.331840472992962,45.65905814899677,102.73788393201612
38500,3.7198442715485363,9.866414335025953,133.9955441020281,105.30027891637684
38600,3.216790507015265,7.833108710357721,81.7868887872353,94.68453501267938
38700,5.0539646489684245,7.85818549942542,228.44439501314093,94.83156345580797
38800,9.135890327548294,7.668720897068687,404.83454865973874,93.70889238546434
38900,8.614809879511588,8.280299702409026,385.4734214138126,97.23844152952061
39000,4.795949112900346,8.351630888401038,94.06629760727698,97.63301444529371
39100,5.019630971045938,8.078397579861763,372.6853328485241,96.10290254288999
39200,5.546708284706892,7.964189783472417,258.6939021423364,95.44793994004036
39300,3.883646918434903,7.994408329572942,310.70139247107284,95.62214757057984
39400,3.4866170422490845,7.812072176447552,212.31842933128212,94.56083159882387
39500,3.316846946262157,9.16535338754841,312.9428149540305,101.9098001906808
39600,3.9903736920224175,7.881381227184978,103.79136627485177,94.96714587277437
39700,4.489999197686488,8.218841994089646,470.07983971939814,96.89574883558024
39800,Infinity,8.807458341513268,3.4702447992614287,100.0775494613767
39900,3.469277966548601,7.475233231575826,296.0592654536979,92.5333847355755
40000,3.4089227835798943,8.036015321417777,191.3178293746693,95.86093426322654
40100,3.4957782080870854,8.293352235154321,309.1343354970501,97.31089588450253
40200,3.359028715291418,9.581636976028516,243.54202373047048,103.95302877865511
40300,6.115414877786297,8.420092036239469,144.8650090204267,98.00855490775623
40400,3.981881688846274,8.57069297227024,237.66177291820145,98.82403512078321
40500,3.122392764776382,8.13679777061425,136.63195436185393,96.4342485836947
40600,4.308337563114728,8.467388030963116,87.63312680960058,98.26621578278602
40700,Infinity,7.6055942853722245,3.319055327889262,93.32866706780148
40800,4.037683020457276,7.475806715860755,291.6952426921129,92.53691362416279
40900,Infinity,7.99358830589514,3.275653680717689,95.617428894429
41000,4.2968530421636375,9.250849798117683,207.01937238311876,102.33690919908044
41100,4.82420816431432,8.981224033947534,187.2639466257385,100.97626426624001
41200,3.420290322464111,8.044526120698825,73.78352622485909,95.90962625595485
41300,4.464872186009206,9.112845853508789,405.4811993926938,101.64551231657708
41400,4.889267464314514,8.561564926250691,195.20622620438587,98.77501762885436
41500,4.190264484719104,8.420357669587728,181.96100955789038,98.01000607256891
41600,4.632426515945809,7.613121441893927,386.33636571534777,93.3741701489336
41700,Infinity,9.037450440761104,3.300481675073805,101.26334677188528
41800,Infinity,9.27787967636032,3.2319810042109696,102.47111972688738
41900,3.3127833562771505,9.227560544554223,144.932436229752,102.2209569920126
42000,Infinity,8.043400039588933,3.121749404787364,95.9031866775252
42100,4.909785051182522,8.616418801536446,225.95468315805869,99.0687991202987
42200,7.101218592709569,7.731178811757885,160.74184497187574,94.08202206594012
42300,5.051542435746664,9.335109575543541,153.8708947999617,102.75399569301332
42400,3.417647200322675,8.634504080467705,188.0297112642355,99.1652488165044
42500,3.818079101422699,8.0217723047799,93.78232101803545,95.77933162251256
42600,4.0627956049334495,8.841738449116667,124.76654652769768,100.2562416649284
42700,2.947415529794143,8.791222292203384,165.3820902988905,99.99267281684958
42800,3.191718154736789,8.570342223146977,162.47831296212524,98.82215256707647
42900,4.067085698593588,8.344270526578232,308.64387364811984,97.59245638767612
43000,6.0899570237938585,8.717511903003496,383.0078972679047,99.6053577891506
43100,4.113858947008415,8.91809652164838,212.15422568231594,100.65179635175818
43200,5.099913104673835,8.299523466184512,244.38352519288168,97.3451125743142
43300,3.7540585901328716,8.855260279168935,80.69309027123464,100.32653655650851
43400,9.257576338985308,9.468152843992598,298.20926551314164,103.40495639803629
43500,3.903059239934646,8.21716691305835,318.6519958755202,96.8863726265332
43600,6.385518707014066,9.283916860424352,248.4403850908028,102.50104252839935
43700,4.294890259538789,8.745768252797047,186.55052855835257,99.75421793606705
43800,4.178905231894307,9.082361237450762,225.94779034608052,101.49137352126088
43900,6.3193874729030615,8.234563388280913,147.4897827693903,96.98365578688677
44000,3.817201840992669,8.697927935000353,163.42115352565222,99.50190212954624
44100,2.9516519132152794,8.121984541204032,243.53212144683565,96.3504281931704
44200,3.3541139692031847,8.539823958665503,255.34959265361712,98.65805811703608
44300,3.837681308857817,9.444434869060906,277.0428818314569,103.28958060331436
44400,3.867514602098706,8.329231177730088,98.7406817705835,97.50947319111678
44500,3.056727964076435,8.34198714515383,223.46901021548277,97.57986692055363
44600,Infinity,8.27241522368135,3.1805062301781395,97.19461958846475
44700,3.9534297790995434,7.972744239639021,147.08043457128025,95.49732271603541
44800,3.022282516492242,8.692293530290822,174.7499506801123,99.47209427158128
44900,3.2716761077504652,8.709431586711519,126.8273594500626,99.56270032873167
45000,3.692624029180671,7.899910895117818,172.43652681370676,95.07516809427639
45100,4.398966539519224,8.347691986041745,225.1681846650401,97.61131422268583
45200,4.328642820677832,7.826985470355903,83.51948122334426,94.64856216970821
45300,4.473929601075308,7.779867240724091,241.22100757976528,94.37080659803952
45400,4.622576663063149,8.524428385023505,228.1118880666651,98.57505458832327
45500,4.073109830809808,7.428589402982556,113.75695030454867,92.24545550115091
45600,3.685669717221206,7.452567884226977,156.53427006868105,92.39369815063995
45700,2.9338306916088244,7.751980872608922,111.93613312969957,94.20562672989874
45800,3.231746312133634,8.112604544872159,266.27614042526915,96.29727256637973
45900,3.5313600097641964,8.364059115581998,316.68245022736545,97.7014170724701
46000,2.9683860113458267,7.614546887391031,341.63776961794247,93.38278216905911
46100,3.490298595682079,8.538815207790806,89.99908488407017,98.65262413136102
46200,3.3456836238143257,8.568310896050335,165.45093310224843,98.81124843753568
46300,3.693737113619042,8.749778079783704,372.3920333382229,99.7753035359232
46400,5.002591933971317,7.242157880318365,148.11596717193592,91.07628374083795
46500,3.9643526557334803,7.304262029315464,179.05453502631883,91.46906880125341
46600,5.040466022406933,7.919917874865576,155.27986008690758,95.1915184761212
46700,3.5011406901508164,7.8970253337045575,303.2474961024001,95.0583628322226
46800,3.101008647255117,8.604910907634654,73.56228286238195,99.00732149839422
46900,3.9816808941116015,9.334988193092265,147.84233499157858,102.75339756087406
47000,4.346320713272941,8.914783614864206,108.73039588770779,100.6347050336247
47100,3.778128189720064,9.654742483209969,150.20284299612263,104.3026652086668
47200,4.120410321712303,8.591038681201793,60.885968295194445,98.933103723907
47300,Infinity,9.296694146864223,3.2375909253381816,102.56430796877164
47400,3.998499818113221,9.488316468741342,238.37811019178136,103.5028150311971
47500,4.077100205845652,8.492157896738266,129.29551217145695,98.40058431372319
47600,3.192665857548437,7.759153585301011,183.4152890518841,94.24816969260068
47700,3.1468734950063157,7.820033809628163,77.95584046986247,94.6076883893678
47800,3.509146835458708,7.573135224790435,153.15549881558675,93.13192872263551
47900,3.6055341787663577,7.144167660041695,170.568501614185,90.44963034968464
48000,4.963499174615608,7.567920311032565,322.02430512212175,93.10024189052791
48100,3.7050118107845513,7.704387897694997,69.41338166657067,93.92234107623403
48200,3.636085718824151,7.66983660536191,148.45439137322148,93.71558435523664
48300,3.3157072386158495,7.692771657083854,104.28437229027055,93.85293253791349
48400,3.420979366433494,7.29178738916045,119.30290682982492,91.39044018464679
48500,3.7401251278973686,7.485800733379748,112.1251207395255,92.59836756563382
48600,3.777911713601796,8.31814598245345,136.90465422595116,97.44821200225981
48700,11.031345560787742,8.852479565282168,232.8718592325438,100.31208944570086
48800,9.66285246437368,8.811927363941912,108.87786675854852,100.10088455824818
48900,6.6995516778875555,8.138213532074786,108.41631479336831,96.44225165369416
49000,5.768107339712744,7.988458743283428,150.70158480235702,95.58790077609531
49100,3.575781533390527,8.328200444983981,231.90144486467761,97.50378039195598
49200,3.201562204825508,9.16018379765591,83.78199933754802,101.88384721162652
49300,4.37782153103373,8.089088108534698,81.21031783239609,96.16373629281311
49400,Infinity,8.481582847728935,3.2176692520441743,98.3432660920427
49500,3.521895485748004,8.053142100781365,232.91487696491168,95.95886756422261
49600,5.306860461004995,9.572930921418518,130.18203198896435,103.91121331805259
49700,3.991177805551217,9.437901334593544,163.3221924509742,103.25774740277704
49800,3.268905523760231,9.224115458311156,30.795835893416818,102.20377980236348
49900,4.4366126996366875,8.374135741979822,154.94868269882716,97.75680236033918
50000,3.667548006932291,7.581603993654303,275.4989440041058,93.18334015277279
